{
    "accuracy": 0.2953020134228188,
    "f1_score": 0.378698224852071
}