{
    "accuracy": 0.9495798319327731,
    "f1_score": 0.9545454545454546,
    
}
