{
    "accuracy": 0.9495798319327731,
    "f1_score": 0.9545454545454546,
    "classification_report": {
        "0": {
            "precision": 0.9523809523809523,
            "recall": 0.9345794392523364,
            "f1-score": 0.9433962264150944,
            "support": 107.0
        },
        "1": {
            "precision": 0.9473684210526315,
            "recall": 0.9618320610687023,
            "f1-score": 0.9545454545454546,
            "support": 131.0
        },
        "accuracy": 0.9495798319327731,
        "macro avg": {
            "precision": 0.949874686716792,
            "recall": 0.9482057501605194,
            "f1-score": 0.9489708404802745,
            "support": 238.0
        },
        "weighted avg": {
            "precision": 0.9496219540447757,
            "recall": 0.9495798319327731,
            "f1-score": 0.949532986436427,
            "support": 238.0
        }
    }
}